Model,Accuracy,Sensitivity,Specificity,F1-score,MCC,AccuracyStdev,SensitivityStdev,SpecificityStdev,F1-scoreStdev,MCCStdev
SVM-US,0.8229015351052226,0.8251039809863339,0.8208556149732621,0.8238142259453813,0.6495298998324437,0.022867425303434583,0.02489920240801639,0.021091193522636775,0.023132041199692737,0.045141396262445684
RF-US,0.8215358146877023,0.8320855614973262,0.8107843137254902,0.8235934194854515,0.6468895226242399,0.02016699683086556,0.03727562132268956,0.014528121335015916,0.022754832552345828,0.03990037536548641
NB-US,0.8003531806209594,0.8637254901960785,0.7365121806298277,0.8131230725260463,0.6072205931911282,0.013643697767595045,0.024003951852391937,0.01012968214062523,0.014706937488662324,0.027864440604445647
MLP-US,0.837482595932991,0.8529411764705882,0.8218954248366013,0.8407223428496907,0.6816321867004111,0.013689867901357249,0.015086575734644166,0.02606336546463365,0.013023313026415741,0.024849109212479906
SVM-No-US,0.8353686802839345,0.8369932515639623,0.8258467023172905,0.8968656996696499,0.5319756381191203,0.032576535831772994,0.03753539415405621,0.0697001608562313,0.022089426094761985,0.06719263191520677
RF-No-US,0.9061929595827901,0.9552780651199448,0.6092691622103387,0.9458695046629175,0.5973429059774653,0.022062174465842722,0.01755178305268839,0.09453635325054068,0.01282111275441914,0.09468884272341194
NB-No-US,0.870288280457772,0.9145017486823309,0.6023172905525846,0.9236115448804588,0.49494918076731337,0.018674776977903085,0.019128551634164867,0.026547150361684778,0.01169274187576392,0.051136457269398396
MLP-No-US,0.918057366362451,0.9661937835574602,0.6260249554367201,0.9528930373204098,0.6446360601235436,0.014473357109205779,0.018429730144857544,0.08392485496301309,0.008558717400547823,0.05909633391384261
