Model,Hyperparameters,Accuracy,Sensitivity,Specificity,F1-score,MCC
SVM-no-US,C=5;gamma=0.0001;threshold=0.1,0.835368680283935,0.836993251563962,0.825846702317291,0.89686569966965,0.53197563811912
RF-no-US,Max_depth=8;Max_features=0.7;n_estimators=30,0.90619295958279,0.955278065119945,0.609269162210339,0.945869504662917,0.597342905977465
NB-no-US,smoothing=0,0.870288280457772,0.914501748682331,0.602317290552585,0.923611544880459,0.494949180767313
MLP-no-US,"activation='relu';layers=(100,30);learning_rate=0.001",0.918057366362451,0.96619378355746,0.62602495543672,0.95289303732041,0.644636060123544
SVM-US,C=5;gamma=0.0001,0.822901535105223,0.825103980986334,0.820855614973262,0.823814225945382,0.649529899832444
RF-US,Max_depth=4;Max_features=0.4;n_estimators=20,0.821535814687702,0.832085561497326,0.81078431372549,0.823593419485452,0.64688952262424
NB-US,smoothing=0,0.800353180620959,0.863725490196078,0.736512180629828,0.813123072526046,0.607220593191128
MLP-US,"activation='relu';layers=(100,100);learning_rate=0.001",0.837482595932991,0.852941176470588,0.821895424836601,0.840722342849691,0.681632186700411
